Smith, John
Johnson, Emily
Williams, Michael
Brown, Sarah
Jones, David
Miller, Jessica
Davis, Matthew
Garcia, Ashley
Rodriguez, Christopher
Martinez, Jennifer
Hernandez, Daniel
Lopez, Amanda
Gonzalez, Joseph
Wilson, Michelle
Anderson, James
Thomas, Megan
Taylor, Andrew
Moore, Samantha
Jackson, Nicholas
Martin, Kimberly
Lee, Joshua
Perez, Lauren
Thompson, Ryan
White, Stephanie
Harris, Brian
Sanchez, Rebecca
Clark, Justin
Ramirez, Heather
Lewis, Jacob
Robinson, Lisa
Walker, Brandon
Young, Elizabeth
Allen, Kevin
King, Kimberly
Wright, Mark
Scott, Emily
Torres, Robert
Nguyen, Alexandra
Hill, Daniel
Flores, Rachel
Green, Timothy
Adams, Angela
Nelson, Jason
Baker, Christina
Hall, Joshua
Rivera, Brittany
Campbell, Thomas
Mitchell, Mary
Carter, Christopher
Roberts, Katherine
Gomez, Eric
Phillips, Stephanie
Evans, Nicholas
Turner, Laura
Diaz, Jonathan
Parker, Melissa
Cruz, Richard
Edwards, Anna
Collins, Justin
Reyes, Amber
Stewart, Timothy
Morris, Nicole
Morales, William
Murphy, Amy
Cook, Jeremy
Rogers, Lauren
Gutierrez, Patrick
Ortiz, Natalie
Morgan, Benjamin
Cooper, Anna
Peterson, Aaron
Bailey, Victoria
Reed, Henry
Kelly, Madison
Howard, Zachary
Ramos, Alyssa
Kim, Gabriel
Cox, Sophia
Ward, Samuel
Richardson, Julia
Watson, Nathan
Brooks, Abigail
Chavez, Steven
Wood, Megan
James, Michael
Bennet, Emily
Gray, Ryan
Mendoza, Sarah
Ruiz, Charles
Hughes, Alexa
Price, Joshua
Alvarez, Emma
Castillo, Anthony
Sanders, Isabel
Patel, Adam
Myers, Grace
Long, Isaiah
Ross, Chloe
Foster, Ethan
Jimenez, Olivia
Powell, Mason
Jenkins, Sydney
Perry, Logan
Russell, Charlotte
